,specieval,specieval,specieval,spec,spec,spec,bfas,bfas,bfas,la4N,la4N,la4N,se4N,se4N,se4N
,value,lo,hi,value,lo,hi,value,lo,hi,value,lo,hi,value,lo,hi
Country,,,,,,,,,,,,,,,
Argentina,69.07584335928284,68.11139861995753,70.14633463080915,2.81608280254777,2.7287619426751593,2.894930997876858,5.559447983014863,5.481064225053078,5.641547239915074,5.107484076433121,5.005559978768577,5.194579352441614,4.53052016985138,4.43391719745223,4.618643842887473
Brazil,72.15755735492579,71.2001658794422,73.12057186234817,2.930414979757085,2.839827935222672,3.0177631578947373,5.97672064777328,5.9115975033738195,6.038305499325236,5.193572874493928,5.118901821862348,5.262658147773279,5.0146761133603235,4.9377277327935225,5.091864878542509
Canada,68.38933181473044,67.30728771197167,69.46991268033409,3.2403189066059226,3.1476936218678815,3.3345814350797265,5.834851936218679,5.758532649962035,5.908162490508731,5.2189635535307515,5.1406534738041,5.307524202733486,5.091116173120729,5.007687927107061,5.179691059225512
Chile,69.7803003637217,68.74897336618562,70.88921154523055,2.760559662090813,2.67263727560718,2.8474128827877507,5.807286166842661,5.73123020063358,5.887931186202041,5.07233368532207,4.984681890179514,5.154454857444562,5.436906019007392,5.35425686378036,5.51824181626188
China,59.32852143482065,58.567483752030995,60.097214410698655,3.728346456692913,3.6484744094488186,3.813343644544432,5.271653543307087,5.209026996625421,5.333544244469441,5.2263779527559056,5.160573678290214,5.296681664791901,5.28740157480315,5.215375421822271,5.350681946006749
Colombia,68.60174781523096,67.70652451481104,69.45033197139938,3.112614913176711,3.0316521961184884,3.194848059244127,5.839802519577801,5.767939223697651,5.91403643173306,5.192798774259448,5.113891726251277,5.269720377936671,5.354443309499489,5.278779366700715,5.428779366700715
France,69.20203683376022,68.30066928893768,70.1292078302232,3.0647639956092205,2.9785537870472005,3.1465491218441275,5.956824002927186,5.883269301134285,6.027812843029639,5.246158068057079,5.163542810098792,5.326571075740944,5.239571899012075,5.156963501646542,5.324101262349067
Germany,73.53084508657264,72.53941635133586,74.5375386996904,2.4633642930856556,2.380804953560372,2.5531475748194015,5.981940144478845,5.910719814241487,6.053869969040248,5.010835913312693,4.935752063983489,5.092363261093911,5.004643962848297,4.915099329205367,5.091369969040247
India,63.3274560752289,62.32356625835189,64.32670595149715,3.826002227171492,3.7140242204899776,3.9337694877505567,5.559576837416482,5.476777097253155,5.644599109131403,4.487472160356347,4.373030345211581,4.596617483296213,4.662026726057906,4.549276169265034,4.771777561247216
Indonesia,59.365159694107064,58.677181736392264,60.05412168241115,4.284665991902834,4.203688006072874,4.364404099190283,5.800944669365722,5.735994433198381,5.863533232118758,5.7062246963562755,5.644477479757085,5.764935475708501,5.465334008097166,5.395217611336032,5.529358552631579
Italy,64.02777777777777,63.147587719298244,64.91692251461988,2.6928947368421055,2.6070723684210524,2.779217105263158,4.922631578947368,4.851745614035088,4.996881578947368,4.8910526315789475,4.817605263157895,4.974493421052633,4.859473684210526,4.786309210526316,4.936078947368421
Japan,57.927927927927925,56.97935435435436,58.863926426426424,3.3527027027027025,3.272060810810811,3.4297522522522526,4.937837837837837,4.8402252252252245,5.036644144144144,5.218468468468469,5.11936936936937,5.317128378378379,5.492792792792793,5.394132882882883,5.586509009009009
Korea,61.893478779208394,61.079555615164516,62.6833720791607,3.5858369098712446,3.5101864270386267,3.6577856759656653,5.516094420600858,5.448131258941345,5.581549535050071,5.135997854077253,5.071345225321888,5.210307135193133,5.223444206008584,5.1595426502145925,5.300167650214593
Malaysia,60.089348903043174,59.2930968388771,60.941591472045296,3.7096602972399153,3.632424363057325,3.794340498938429,5.348903043170559,5.2701654281670205,5.429423213021939,5.136411889596603,5.052786624203822,5.218696921443737,5.291932059447983,5.2107019639065815,5.375796178343949
Mexico,70.71865443425077,69.82380507418735,71.68854060482501,2.724006116207951,2.639908256880734,2.804791029561671,5.8710499490316,5.789670404349304,5.95142286782195,5.16335372069317,5.083836646279307,5.23598369011213,5.300968399592254,5.227000509683997,5.374127166156982
Netherlands,67.48536406878887,66.41027106964265,68.41104860348823,3.20417124039517,3.13061882546652,3.2906215697036227,5.7749725576289785,5.704537138675448,5.850402488108306,5.019209659714599,4.935229143798024,5.101811196487376,5.237102085620197,5.158774698133918,5.318942096597146
Poland,67.89805269186712,67.01027348224514,68.8232746277205,2.917525773195876,2.8381443298969073,2.9976997422680416,5.677491408934707,5.602719072164947,5.750730240549828,5.126546391752577,5.043034793814432,5.213434278350515,5.365463917525773,5.279594072164949,5.444613402061855
Russia,59.004079053200044,58.15652648512008,59.87321182350914,3.6150465356773527,3.530467942088935,3.692631851085832,5.357635298173044,5.286422785246467,5.425926404688037,5.74612202688728,5.667521975180971,5.812047569803516,5.8720268872802475,5.797821871768356,5.939523009307136
Singapore,62.577686827345765,61.635781415795066,63.477811884189784,3.7230559345156893,3.6302694406548426,3.813778990450204,5.551841746248296,5.475437698954071,5.628484538426557,5.207708049113233,5.1251620054570255,5.277643246930423,5.189631650750341,5.110828785811732,5.262627899045021
Spain,66.8924325560128,65.88934613625972,67.94131515775035,2.9133230452674894,2.8281700102880656,3.000019290123457,5.597565157750343,5.5246784979423875,5.676808984910836,5.354423868312757,5.272627314814815,5.426961162551439,5.479423868312757,5.400977366255145,5.558912037037037
Thailand,60.13729246487867,59.37946273075584,60.854703645651924,4.07183908045977,3.990314785788924,4.148915882967607,5.553117380703587,5.478226227795194,5.623872344130964,5.120167189132706,5.049888975966562,5.193847962382446,5.146029258098224,5.070003918495298,5.213466562173459
UK,70.47737857618097,69.38410678642715,71.500374251497,2.967664670658683,2.8763473053892215,3.057821856287425,5.868063872255489,5.793408183632735,5.931137724550898,5.105389221556886,5.013173652694611,5.203293413173652,4.9898203592814365,4.900276946107785,5.085044910179641
USA,65.79861111111111,64.80277618501529,66.86627962538226,3.3916284403669725,3.2964377866972483,3.477644782110092,5.632262996941894,5.55274751529052,5.710650802752293,5.227637614678899,5.1393133600917436,5.307640481651376,5.162270642201835,5.078719896788991,5.246581135321101
